Word	Count
။	610
သည်	196
ပါ	179
ကြ	148
ကို	144
က	134
မှာ	115
ကလေး	103
နေ	98
တွေ	95
တယ်	93
မ	87
____	79
တို့	75
(	73
များ	71
)	71
ရ	58
နဲ့	54
ရှိ	51
တစ်	49
ရဲ့	40
လဲ	39
""""	37
မည်	35
တဲ့	35
ထား	35
ကျွန်တော်	35
အောင်	34
၏	34
ဖြစ်	33
သား	33
သူ	32
ပြီး	32
၊	32
နိုင်	31
လာ	31
ပြော	31
ထဲ	29
နှင့်	28
သလဲ	27
ကျောင်း	27
မယ်	26
ဆို	26
ယောက်	26
တွင်	26
ပေး	25
ကောင်း	24
စရာ	23
ပြီ	23
ကြည့်	23
၍	23
ဘာ	22
လား	22
-	22
ခဲ့	22
ပွဲ	22
ရေး	21
အသိုက်	21
၁	20
လို့	20
လေ	20
သွား	20
သတဲ့	20
လှ	19
လုပ်	19
တာ	19
စေ	19
၂	19
ငှက်	19
၃	18
သိ	18
လိုက်	17
အိမ်	17
ရွာ	17
ကြီး	17
လ	17
ဟာ	17
လေး	17
တွဲ	17
မှတ်	17
အသတ်	16
စာ	16
ပုံ	16
ဦး	15
ဗျည်း	15
(ဃ)	15
လက္ခဏာ	15
ကစား	15
ရေ	15
ချိုး	15
တော့	15
(င)	14
ခ	14
...	13
သုံး	13
မိုး	13
စား	13
ကာ	13
ပန်း	13
၄	13
+	13
(ဂ)	13
ကြောင့်	12
အဘိုးအို	12
ဘယ်လို	12
သော	12
တိုင်း	12
နား	12
ချင်	11
ကျွေး	11
ရာ	11
ပင်	10
ထိုင်	10
ထင်းစည်း	10
ဖူး	10
လျှင်	10
ပညာ	10
သာ	10
အကြောင်း	10
ကျောင်းသား	10
မှ	10
လိပ်ပြာ	9
၅	9
ဒီ	9
ချစ်	9
ပြန်	9
ကူညီ	9
လည်း	9
အား	9
ဘိုးဘိုး	9
မောင်ဖိုးချစ်	9
ကြား	9
ပျက်စီး	9
နေ့	9
ထွက်	8
စီး	8
မှန်	8
ကျီး	8
မောင်	8
ဝယ်	8
ကျိုး	8
သနည်း	8
စကား	8
ချောင်း	8
တတ်	8
လယ်	8
ကွယ်	8
နှစ်	7
ရောက်	7
သလား	7
စာကြည့်တိုက်	7
အချင်းချင်း	7
ရင်	7
ဘူး	7
ဆင်	7
ဆင်း	7
ရယ်	7
ကိုယ့်	7
မြေခွေး	7
လုံး	7
အတူ	7
ဟု	7
ဘယ်	7
ဘ	7
ဟန်	7
အမူအရာ	7
ပဲ	7
လို	7
တန်း	7
ဒုတိယ	7
ပေါ်	7
ခြင်း	6
ပြ	6
ဝင်	6
ဦးဇီးကွက်	6
ခြောက်	6
၆	6
ဖို့	6
ဆောင်ရွက်	6
အေး	6
အမည်	6
ပျော်	6
တင်	6
ပြုလုပ်	6
သူ့	6
မနက်	6
တက်	6
စာဘူးတောင်း	6
တာဝန်	6
ကိုက်	6
မေမေ	6
ဆုံး	5
ရန်	5
ချက်	5
ခုန်	5
ပြေး	5
ချိန်	5
ခါ	5
ပေါက်	5
နာမည်	5
ကြက်	5
အဲဒီ	5
အောက်	5
ကျွန်တော့်	5
ယုန်	5
ကြွက်	5
ဖြေ	5
ခိုင်း	5
ပို	5
စီ	5
စောင်း	5
အချိန်	5
မောင်း	5
အပင်	5
စုပေါင်း	5
ဖြင့်	5
အလွန်	5
လူငယ်	5
အတွင်း	5
ပြတင်းပေါက်	5
ခု	5
ကြာ	5
ည	5
အမေ	5
သေး	5
သန့်ရှင်း	5
လူ	5
တောင်	5
သီတင်းကျွတ်	5
ကောင်	5
ထည့်	5
လွှတ်	5
ဒါ	5
သင်	5
ကွင်း	5
ဖခင်	5
မူလတန်း	5
အစ်မ	5
မှု	5
မြင်ကွင်း	5
စဉ်	5
ဆိတ်	5
မိဘ	5
ဈေး	5
သစ်	5
ပင့်	5
ဆင့်	5
မြန်မာ	5
ဆွဲ	5
တွေ့	4
လျှောက်	4
ငြိမ်း	4
တွန်း	4
သို့	4
တွင်း	4
စိတ်ဝင်စား	4
ပုံပြင်	4
စည်း	4
ချီ	4
ရိုက်	4
အသားတုံး	4
လှည်း	4
ပြိုင်ပွဲ	4
လက်	4
မြင်	4
အစည်း	4
အချက်	4
ပွင့်	4
အများ	4
အတွက်	4
ပေါ	4
မင်္ဂလာ	4
ကြိုးစား	4
ကုန်	4
ဝိုင်းဝန်း	4
သံ	4
နော်	4
မှိတ်	4
တော	4
ကား	4
မျောက်	4
ဆု	4
ပြတ်	4
ကြိတ်	4
မိခင်	4
ကောက်ညှင်းပေါင်း	4
သူငယ်ချင်း	4
ပုံသဏ္ဌာန်	4
သစ်ပင်	4
အစာ	4
အသံ	4
တက္ကသိုလ်	4
ကျင်းပ	4
စာပိုဒ်	4
နေ့လယ်	4
ပန်းပွင့်	4
စဉ်းစား	4
ကပ်	4
ခေါ်	4
ပျက်	4
သေသေချာချာ	4
ရေအိုင်	4
၌	4
စ	4
ဒေါ်အေး	4
ထန်းသုံးပင်	4
အစ်ကို	4
ပြင်	4
ထင်း	4
ထင်	4
..	4
အဘယ်	4
တိုက်	4
၇	4
ကြောင်	4
ငှက်ပျောသီး	4
ထိန်	4
စိုက်	4
လုံ	4
အခန်း	4
ကြိုက်	4
နားထောင်	4
ပိတ်	4
ရုပ်ပုံ	4
ယာဉ်	3
စိတ်	3
ကမ္ဘာ	3
မေးခွန်း	3
ကိုင်	3
အလင်းရောင်	3
စက်ဘီး	3
နင်း	3
သည့်	3
င	3
မိ	3
စာသင်ခန်း	3
အိတ်	3
ပေ	3
မျိုး	3
အလံ	3
အိပ်	3
နိုင်ငံတော်	3
ရပ်	3
ဆရာ	3
ဖတ်	3
မိန်းကလေး	3
အရေး	3
စပါး	3
ထုတ်	3
ကျ	3
ဘုရား	3
စေတနာ	3
စကားလုံး	3
စို့	3
အမြဲ	3
တုံး	3
ကျွိ	3
မုန်း	3
အဖေ	3
မုန့်	3
တူ	3
သ	3
ဆီ	3
ယခု	3
ယုံ	3
သင်ယူ	3
ဝှက်	3
ဝါကျ	3
ကျွန်မ	3
သမီး	3
၈	3
ချ	3
နေရာ	3
ပျော်ပျော်ရွှင်ရွှင်	3
တနင်္ဂနွေ	3
အလွယ်တကူ	3
ခတ်	3
သင့်	3
စည်းစည်းလုံးလုံး	3
ထင်းချောင်း	3
အခါ	3
ကောင်းမွန်	3
ထိန်း	3
ကျွမ်းကျင်	3
ခွန်အား	3
ဘကြီးဖြိုး	3
သော်	3
သိမ်း	3
လွန်း	3
ငြိမ်	3
မြတ်	3
စွန်	3
ပုသိမ်ထီး	3
ညီလေး	3
ခြံ	3
ရှေး	3
စာသင်	3
အားလုံး	3
ဇီးကွက်	3
ခံစား	3
အခု	3
လမ်းလျှောက်	3
ဖြောင့်	3
နှုတ်	3
တုတ်	3
မြင်း	3
အားပေး	3
စွာ	3
ဘဲ	3
ပန်းဝတ်ရည်	3
ယွန်းအစ်	3
အုပ်	3
ဝါး	3
ဖြည့်	3
ပိုးစုန်းကြူး	3
ဟုတ်	3
အားလပ်ရက်	3
ပိတုန်း	3
စောင်	3
ဖောက်	3
ကြောင်း	3
ခုတ်	3
ထမင်း	3
မောင်မောင်	3
ဆောင်း	3
ရွှေ	3
ရောင်း	3
ကျစ်	3
နှိုက်	3
ပြုတ်	3
ကြည့်ရှု	3
ဖက်	3
ရှဉ့်	3
စက်	3
ရော	3
မြေး	3
စည်းကမ်း	3
အမှိုက်	3
မြစ်	3
ကွက်	3
ဖျက်ဆီး	3
ညစ်	3
ကောင်းကင်	3
စာဖတ်	3
သောက်ရေအိုး	3
ရာသီ	3
မို့	3
သယ်	3
ရိပ်	3
အသီး	3
ကျက်	3
အိုင်	3
မေ့	3
ကိုရွှေကျီး	2
ယပ်တောင်	2
တုန်း	2
စ်	2
မဥဩ	2
စစ်	2
တံခါး	2
အညှောက်	2
ချမ်း	2
ပညာရှိ	2
ငိုက်	2
ဟင်း	2
ချပ်	2
ခုံ	2
စောစော	2
အုံ့မှိုင်း	2
တုပ်	2
ကျိုက်	2
ဆံထုံး	2
စပ်စု	2
မေး	2
အိုးပုတ်	2
တောအုပ်	2
သိပ်	2
ဖုံး	2
မှုတ်	2
ဓာတ်ပုံ	2
ကျန်	2
ပထမ	2
စုန့်	2
စုန်	2
ရွတ်ဖတ်	2
ဆိုက်	2
ယူ	2
အုန့်	2
ဂုဏ်ပြု	2
ကွပ်ပျစ်	2
ဆွေ	2
မိတ်	2
နံရံ	2
ဆန်	2
ကြုံ	2
လှိုက်လှိုက်လှဲလှဲ	2
ကျွတ်	2
စာစောင်	2
ကောက်စိုက်	2
လိုက်နာ	2
ကွပ်	2
ပြွတ်	2
ပေါင်း	2
စုန်း	2
မျက်စိ	2
ကုံး	2
မီးပုံးပျံ	2
ကြက်ခွပ်တမ်း	2
ဝတ်	2
လွတ်	2
ကျုတ်	2
ကစ်	2
အဝတ်	2
ညှပ်	2
ကုတ်	2
န်း	2
မှုန့်	2
မှုန်	2
ဖြုံ	2
ဝိုင်း	2
ပွတ်တိုက်	2
ထပ်	2
ချုံ	2
ဥဩ	2
တောက်တဲ့	2
ရထား	2
ထွန်	2
နွားတင်းကုပ်	2
အော်ဟစ်	2
ရက်ကန်းစင်	2
ရွက်လှေ	2
တ	2
ကျေးလက်	2
ကျိပ်	2
-ဉ်	2
ကြက်တူရွေး	2
မြို့ပြ	2
မမ	2
အပ်	2
ချိပ်	2
တိုး	2
-တ်	2
ငွေ	2
ပျား	2
ဉာဏ်	2
မြိတ်	2
ရှေ့	2
မှည့်	2
သီးနှံ	2
အသက်	2
လိပ်	2
ပိန္နဲသီး	2
ပ	2
တိရစ္ဆာန်	2
သဘောကျ	2
ခက်	2
ဝ	2
တိတ်	2
မြှောက်	2
ဆ	2
ရောဂါ	2
တည်း	2
ကိပ်	2
အော်	2
-ဏ်	2
မြက်	2
ကိတ်	2
ပဉ္စမ	2
မြှောက်ပင့်	2
ယ	2
အဆွေ	2
ခွက်	2
အဓိပ္ပာယ်	2
ဖိတ်	2
သစ္စာ	2
ရှည်	2
ပုံး	2
-ပ်	2
သစ်သီး	2
ထွန်တုံး	2
ပြည်	2
ရွှံ့	2
ချွန်	2
ပြက္ခဒိန်	2
မြောက်	2
ဝပ်	2
ကျွံ	2
မျှစ်	2
ဟော	2
လွန်	2
ထွန်း	2
တွန်	2
ပစ်တိုင်းထောင်	2
အဝင်	2
ခလောက်	2
မိသားစု	2
ကျပ်	2
ရှစ်	2
ခမောက်	2
ကြောက်	2
ကျစ်ဆံမြီး	2
ပျောက်	2
ကြတ်	2
ကတ်	2
လယ်သမား	2
လွယ်အိတ်	2
ထို	2
ထူးချွန်	2
ခန်း	2
ပျံဝဲ	2
ကုက္ကိုပင်	2
ဖွင့်လှစ်	2
ကောက်	2
ဖွံ့ဖြိုး	2
လိမ္မော်သီး	2
ကောက်ရိတ်	2
မေတ္တာ	2
အနီး	2
ခေါက်	2
ဆတ်	2
တော်	2
ပိတ်စ	2
လေ့လာ	2
လှပ	2
ပညာရေး	2
တွက်	2
ငြိမ့်	2
ရှင်းပြ	2
တိုင်	2
ဆိုင်	2
ကိုင်း	2
ရွာသား	2
အတန်း	2
ဒါမှ	2
အချို့	2
ဒေါင်ဒေါင်ဒင်	2
ခေါင်းလောင်းသံ	2
ကဗျာ	2
နှီးဖြာ	2
သက်ငယ်ပျစ်	2
စာဆိုတော်	2
အဘွားငြိမ်း	2
အခြား	2
အကူအညီ	2
ဝါ	2
နယုန်	2
သာယာ	2
ဂ	2
ဟို	2
ရက်	2
နားရွက်ထောင်	2
ရိုးသား	2
ချိုင်	2
ကိုယ်	2
ချိုင်း	2
ခြင်	2
ထို့ကြောင့်	2
လေ့	2
ဧည့်ခံ	2
ကဲ့သို့	2
မည်သည့်	2
ရှင်း	2
ဖိုးလနတ်သား	2
တိုင်းရင်းသား	2
အ	2
ကျန်းမာ	2
ဆေး	2
အေးအေး	2
ပြိုင်	2
မွှေးကြိုင်	2
သန့်	2
ကြံ့ခိုင်	2
ခင်	2
ဆေးကြော	2
ဗျိုင်း	2
စိုက်ခင်း	2
လှိုင်လှိုင်	2
မှိုင်း	2
အားလပ်ချိန်	2
တချို့	2
ဘက်	2
ကြိုးပမ်း	2
ထူးခြား	2
ငင်	2
ငါး	2
သဘောထား	2
လယ်ကွင်း	2
ရေအိုးစင်	2
း	2
စဉ့်	2
ဥစ္စာ	2
ပင်း	2
-င်	2
နင့်	2
နင်	2
သတ်	2
လင်း	2
အုံး	2
သင်္ကြန်	2
ဘယ်သူ	2
ကျောင်းပိတ်ရက်	2
ရှာ	2
ဗဟုသုတ	2
၁၁	2
၁၀	2
၉	2
ပြုစု	2
နိုင်ငံ	2
ပတ်ဝန်းကျင်	2
ဖွင့်	2
ခေါင်းဆောင်	2
ပန်းခင်း	2
ပြည်ထောင်စု	2
သမား	2
ဝါးဖောင်	2
ရွှေဥဩ	2
ဖြောင်း	2
ဖြောင်	2
ရောင်	2
တောင်း	2
ကာတွန်း	2
ဆောင်	2
စောင့်	2
ေ-	2
ငါ့	2
အပေါ်	2
ခြောက်လှန့်	2
ရိုင်းပင်း	2
အပြည့်	2
ယင်	2
သောက်	2
ဆင်ခြင်	2
ညှိုးနွမ်း	2
အိုး	2
ထူး	2
သတင်း	2
ထိန့်	2
ဝက်ဝံ	2
ဖေဖေ	2
အရုပ်	2
ယောင်ယောင်	2
သနား	2
ပွဲတော်	2
ပြုံး	2
လေ့ကျင့်	2
စိန်ပြေးတမ်း	2
အပြော	2
ထိန်းသိမ်း	2
စိုးရိမ်	2
ဖြီးလိမ်း	2
တေး	2
မီ	2
ငြိမ်းချမ်း	2
သတိထား	2
ခင်း	2
ရုပ်	2
ကွတ်	2
ဖိုး	2
ထူ	2
မိုးတိမ်	2
အကြိုက်ဆုံး	2
ညိုထွေး	2
လက်ဆောင်	2
ပို့	2
စိတ်ဆိုး	1
ဆန်ကွဲ	1
အော်မြည်	1
ဝမ်းနည်း	1
အဖိတ်	1
အထည်အလိပ်	1
မြေးအဘိုး	1
ကြွေ	1
ဒါပေမဲ့	1
ပုဒ်	1
ကြက်မွေး	1
ညီညီညွတ်ညွတ်	1
တိတ်တိတ်ဆိတ်ဆိတ်	1
ရဲရင့်	1
အထိတ်တလန့်	1
ကျောင်းသူ	1
ဂိတ်ပေါက်	1
ထောက်ခံ	1
နှိပ်	1
ကိုယ်တိုင်	1
သလို	1
ငါးမျှားချိတ်	1
ဆန်အိတ်	1
ရုပ်ရှင်	1
ပုရွက်ဆိတ်	1
၂.၁၂.၂၀၁၈	1
ရက်စွဲ	1
အိပ်ရာ	1
မိတ်ဆွေ	1
ပြည့်ပြည့်စုံစုံ	1
ကော	1
ပြောင်းလဲ	1
ဆက်နွှယ်	1
စိပ်ပုတီး	1
တံစက်မြိတ်	1
ဒေါက်တာဌေးလွင်	1
လိပ်စာ	1
ဆုံ	1
ကိုတောက်တဲ့	1
ကိုဖိုးဆိတ်	1
တိတ်ဆိတ်	1
ရောင်စုံ	1
ရင်း	1
ဝတ်ရည်	1
ကြိတ်ထိုး	1
မျှမျှတတ	1
အလုပ်သမား	1
ဘောလုံး	1
ခြုတ်	1
ငုတ်	1
ဂျုတ်	1
စုတ်	1
အန္တရာယ်	1
အကြံ	1
ဘွားဘွား	1
မင်းသုဝဏ်	1
ဆုတ်	1
ဆက်ဆံ	1
ဖြုတ်	1
သဘာဝ	1
တွန်ညည်း	1
သာသာယာယာ	1
ဖော်	1
ထုပ်	1
ခမျာ	1
ပုပ်	1
ရှုပ်	1
မေ	1
သိုက်	1
လှုပ်	1
မြှုပ်	1
ဦးထုပ်	1
ဝါသနာ	1
ကုပ်	1
လောက	1
အုတ်	1
ကင်းဝေး	1
.	1
လောက်	1
နည်းနည်း	1
ကွ	1
ဖျင်အိတ်	1
ဒုက္ခ	1
အကောင်	1
ကွာ	1
အကြိတ်အနယ်	1
ကြိတ်ကြိတ်တိုး	1
ဖိုးချစ်	1
စည်ကား	1
ဒါကို	1
ကောက်ညှင်း	1
ငချိပ်	1
ကွဲ	1
အံ့ဩ	1
ညောင်ပင်	1
ဖိုးဆိတ်	1
တံစက်	1
ရိတ်	1
ပုခက်	1
ချော့	1
စည်းလုံး	1
ကုသိုလ်	1
ကျိတ်	1
သမင်မလေး	1
မျက်လုံး	1
ဖန်ခွက်	1
ကရွတ်ခွေ	1
ကတွတ်ပေါက်	1
ဖ	1
နာနတ်သီး	1
ကင်း	1
န	1
မီးစာ	1
ရေနံ	1
ဆွတ်	1
ဓာတ်မီး	1
မှိုင်းဝ	1
ဓ	1
ဘေး	1
တစ်ဇွတ်ထိုး	1
ပီပီသသ	1
အလွတ်	1
ကျက်မှတ်	1
တတွတ်တွတ်	1
ရွတ်ဆို	1
ဒေါင်း	1
ဆွတ်ခူး	1
လွတ်လပ်ရေး	1
ညီညွတ်ရေး	1
ရွပ်ရွပ်ချွံချွံ	1
တန်းလုံးကျွတ်	1
အနားကွပ်	1
ခွင့်လွှတ်	1
သရက်သီး	1
ဂဠုန်	1
ဠ	1
ခွတ်	1
ခွပ်	1
စွတ်	1
စွပ်	1
ဟင်္သာငှက်	1
ဟ	1
တွတ်	1
တွပ်	1
လွတ်လပ်	1
မင်းကွတ်သီး	1
သွပ်ပြား	1
စွပ်ကျယ်	1
လက်စွပ်	1
လေယာဉ်ပျံ	1
ကြွပ်	1
စိုစွတ်	1
မုန်လာဥ	1
ဦးညွှတ်	1
ညီညွတ်	1
ဘောင်းဘီ	1
ဗ	1
ခူးဆွတ်	1
ချွတ်ယွင်း	1
ပြည်သူ့	1
ဒ	1
နေထိုင်	1
ဂေါ်ဖီ	1
ိပ်	1
တ်ိပ်	1
ခေါင်း	1
ဒဂုန်ဦးထွန်းမြင့်	1
ကမ္ဘာ့	1
ဝါဒ	1
ဗုဒ္ဓ	1
အဲဒါ	1
မြော်တွေး	1
စိပ်	1
ဦးခေါင်း	1
သံဃာ	1
ဆိပ်	1
ဆောက်တည်	1
တိမ်း	1
တိပ်	1
မိမိ	1
အထူး	1
ဆွမ်းအုပ်	1
ပြု	1
ကြို	1
ချိတ်	1
ဒေသ	1
ဃ	1
၇)	1
ကျင့်ဝတ်	1
ဌဌာနဍဎဏ	1
အထွတ်အမြတ်	1
ညီညီ	1
ထ	1
မဏ္ဍပ်	1
ကတွတ်ယို	1
သွပ်မိုး	1
လျှော်ဖွပ်	1
အဖြေ	1
ကတ်ပြား	1
ဆက်စပ်	1
ဦးဘ	1
ရွေးချယ်	1
ပုဒ်မ	1
ဋီကာကျမ်း	1
ဈဈေးညညဋ	1
ဆက်	1
ဇော်ဂျီ	1
အဆုံး	1
ဇ	1
ကဲ	1
ပါဌ်ဆင့်	1
ညိတ်	1
ဆွယ်	1
စပျစ်သီး	1
ငရုတ်သီး	1
နွေဦးပေါက်	1
အပ်ချုပ်စက်	1
ငို	1
ဏ္ဌ	1
ကျယ်ဝန်း	1
သူနာပြု	1
ဦးသာနု	1
သင်္ချာ	1
စာဆို	1
အရိပ်အယောင်	1
အငိုတိတ်	1
ကျေးရွာ	1
ပိုမို	1
ဍ	1
ဘာသာရပ်	1
ရုပ်ရှင်ရုံ	1
ဆန်ဖွပ်	1
ဏ္ဍ	1
ကဏ္ဍ	1
-မ်	1
မ္ဘ	1
ယုန်ဝပ်	1
တိရစ္ဆာန်ဥယျာဉ်	1
စက္ကူလှေ	1
ကောင်းကျိုး	1
အရာ	1
သယ်ပိုး	1
ပတ္တလား	1
မှောင်မိုက်	1
အလံတိုင်	1
ရှပ်အင်္ကျီ	1
ထိပ်	1
င်္က	1
လင်္ကာ	1
ပြင်ဆင်	1
ယာဉ်ထိန်း	1
-စ်	1
ဂျာအေး	1
ကြာအေး	1
ဦးစိန်ဘ	1
ဆရာဝန်	1
ကုသရေး	1
စ္ဆ	1
ပလ္လင်	1
ဆွမ်းတော်တင်	1
ဉ္စ	1
မလှမွန်	1
ကလပ်	1
စက္ကူ	1
ချုန်း	1
ကျောင်းဝင်း	1
ခြေထောက်	1
ထရံပေါက်	1
အလေးပြု	1
လူပျို	1
လွှင့်ထူ	1
ဌ	1
သတည်း	1
သင်္ဘော	1
လုံမေ	1
အဖွဲ့	1
ပုပ္ပား	1
စန္ဒကူး	1
ပုဂံ	1
အာနန္ဒာ	1
ဟိုရှေးရှေးတုန်း	1
ဗုဒ္ဓဟူး	1
ကန္ဒရဝတီ	1
ထမ်း	1
ဒွေး	1
ကိန္နရီ	1
ဝတ္ထု	1
ဇာတ်လမ်း	1
ကိုယ်စီ	1
ဒဏ္ဍာရီ	1
စိတ်ထား	1
ပညာတော်	1
ကြီးပြင်း	1
သက္ကရာဇ်	1
အရွယ်	1
ဘယ်နှ	1
ဓမ္မစကြာ	1
သတ္တမ	1
ခရစ္စမတ်	1
အဖော်	1
အမေးပုစ္ဆာ	1
တည့်	1
ပေမဲ့	1
သင်္ကြန်မဏ္ဍပ်	1
သတိ	1
သဒ္ဒါ	1
ဝန်ခံ	1
လော့	1
ကားဆရာ	1
ချစ်သား	1
ဘသောင်း	1
ပုစ္ဆာ	1
ဘေးရန်	1
ပစ္စည်း	1
သတ္တိ	1
ပိဿာ	1
ချင်း	1
ထိုအခါ	1
ဆရာ့	1
သော်လည်း	1
ဝတ္တရား	1
အားထုတ်	1
ရှေးသရော	1
ဟုတ်ကဲ့	1
လိမ္မာ	1
တပည့်	1
အနန္တဂိုဏ်းဝင်	1
မန္တလေး	1
ပေါ့	1
လွယ်လွယ်	1
မခင်မြ	1
တာဝန်ကျေ	1
သစ်ကုလားအုတ်	1
အဆုပ်အဆုပ်	1
ဥ	1
အပွင့်	1
လက်သုပ်	1
သုပ်	1
ဥဥ	1
ငှက်မ	1
အချိန်မီ	1
ချုပ်	1
ရှည်လျား	1
အစုတ်	1
သက်သာ	1
ပိုက်	1
နောက်ပိုင်း	1
လုတ်	1
ငှက်ဖို	1
မီးအုပ်ဆောင်း	1
ကျယ်	1
အဝ	1
ကျေးဇူး	1
တွဲလောင်း	1
အကိုင်း	1
လက်ခုပ်	1
မြင့်	1
တီး	1
တူညီ	1
ကိစ္စ	1
တရုတ်စံကားပင်	1
တပ်မတော်	1
တိုင်ပင်	1
ဝါးလက်ခုပ်	1
တွန်သံ	1
ကောက်ညှင်းထုပ်	1
သိပ္ပံ	1
တွန်သံသာ	1
ရုတ်တရက်	1
စိမ်းစိမ်းညိုညို	1
ဦးဖိုးကျား	1
အတီးအမှုတ်	1
ခဏတစ်ဖြုတ်	1
ဖားပြုပ်	1
ဆောက်လုပ်	1
စာပေ	1
ထမင်းလုတ်	1
လွယ်လွယ်ကူကူ	1
ရုပ်မြင်သံကြား	1
မေမေ့	1
တကုပ်ကုပ်	1
မောင်ထွန်းသာ	1
စိတ်ကူး	1
သဖြင့်	1
ချိုးရုပ်	1
ဖိုးဝရုပ်	1
ပလုတ်တုတ်တုတ်	1
တလှုပ်လှုပ်	1
အနည်းငယ်	1
နိုင်ငံ့	1
ဖမ်း	1
အဝါ	1
မီးသတ်သမား	1
သောအခါ	1
တ္တ	1
မီးသတ်	1
သတ္တဝါ	1
စွန့်စား	1
-န်	1
​န	1
န္န	1
ဇနီး	1
သယ်ယူ	1
ရဲသားကြီး	1
ပ္ပ	1
ကိုလှရွှေ	1
ယ်	1
သက်ငယ်မိုး	1
ဖိုးလေးထွန်း	1
ကျော်	1
ယျ	1
ရှစ်ဆယ်	1
ဥယျာဉ်	1
-သ်	1
ဿ	1
လူဆိုး	1
)ပိဿာ	1
မသမင်	1
ဉ	1
တတိယ	1
ငယ်	1
ခိုင်ခံ့	1
နှမ်းပျစ်	1
ဖက်ထုပ်	1
ပေါက်ပေါက်ဆုပ်	1
အလုပ်	1
စုပ်ယူ	1
ဖုံးအုပ်	1
ဦးဦး	1
ကာကွယ်	1
အသုံးပြု	1
ကိုတောက်	1
ဆမ်း	1
နှင်းဆီပန်း	1
ကောက်ရိုး	1
မောင်သိန်းတန်	1
ကန်	1
ရေကူး	1
ဘူတာရုံ	1
နည်း	1
ဘုန်းကြီး	1
သာဇံ	1
ပျော်ရွှင်	1
-က်	1
မျိုးနွယ်	1
က္က	1
ပုံစံ	1
ကျောက်	1
ရွှတ်	1
ိန့်	1
ကြိမ်း	1
ကြိမ်	1
ချိန်း	1
သိမ့်	1
သိမ်	1
လိမ်း	1
လိမ့်	1
လိမ်	1
စိမ်း	1
စိမ့်	1
စိမ်	1
မိန်း	1
မိန့်	1
မိန်	1
ိမ်း	1
ိမ့်	1
ိမ်ိ	1
မှိန်	1
မှိန်း	1
နှိမ်	1
ကြိမ်းမောင်း	1
ရေဒီယို	1
အမြင့်	1
အနိမ့်	1
စိမ့်စမ်းရေ	1
စိမ်းစားဥ	1
ထိန်လင်း	1
ချိန်းဆို	1
နံ့သာလိမ်း	1
နှိမ်း	1
ပန်းထိမ်	1
မိုးခြိမ်း	1
စိန်ပန်းပင်	1
ကြိမ်ခြင်း	1
နေအိမ်	1
ချိန်ခွင်	1
မုန့်ကြိုးလိမ်	1
ိန်း	1
ိန်	1
ရေလှိုင်း	1
အိန်း	1
ကူညီရိုင်းပင်း	1
ယှဉ်ပြိုင်	1
ဝင်ပြိုင်	1
အားကစား	1
ဖျန်း	1
လမ်းဘေး	1
မြိုင်မြိုင်ဆိုင်ဆိုင်	1
တောမြိုင်	1
ကိုင်းပင်	1
တိုင်းပြည်	1
နှိုင်းယှဉ်	1
ပန်းတိုင်	1
ဗိုင်းငင့်	1
မနောတိုင်	1
ထိုင်ခုံ	1
ထမင်းချိုင့်	1
စတိုးဆိုင်	1
ထမ်းဆောင်	1
ကြံ	1
ဖြိုင်ဖြိုင်	1
မြန်မာ့	1
အိန့်	1
အိန်	1
ရိုသေ	1
တရား	1
ဘာသာ	1
စံပယ်ပန်း	1
သန်မာ	1
အလှူ	1
တောရိုင်း	1
ကိုင်းရှိုင်း	1
ထွားကျိုင်း	1
ဆိုင်းဝိုင်း	1
ကျိုင်း	1
ထွား	1
နိုင်နိုင်	1
မြေဩဇာ	1
မိုးလေဝသ	1
အကြိမ်ကြိမ်	1
လမင်း	1
ထိန်ထိန်	1
ကျုံး	1
ကျုံ့	1
ကျုံ	1
တုံ့	1
တုံ	1
ငုံး	1
ငုံ့	1
ငုံ	1
ကုံ	1
မုန့်	1
မုန်	1
ုန်း	1
့်	1
ုန	1
ုန်ု	1
အုန်း	1
အုန်	1
ချုံ့	1
ချုံး	1
ဖြုံး	1
ပြုံးရွှင်	1
မုန်တိုင်း	1
ကုန်စုံဆိုင်	1
ရေပုံး	1
တွေ့ဆုံ	1
ကုန်း	1
မှုန့်	1
နံ့သာ	1
မုန့်လုံးရေပေါ်	1
မြုံ	1
ပန်းကုံး	1
ဒုံးပျံ	1
ခေါင်းအုံး	1
ဗုံရှည်	1
ပျားအုံ	1
ဂျုံ	1
မြုံ့	1
ဧည့်သည်	1
ရွှေကျီးညို	1
ခေါင်းညိတ်	1
မိုးခြိမ်းသံ	1
လစန်း	1
ကိုလေး	1
အပြန်	1
အဝှေ့	1
သာသာ	1
ယိမ်းနွဲ့	1
စိမ်းလန်း	1
နီး	1
စမ်း	1
ငြိမ့်ညောင်း	1
အက	1
ယိမ်း	1
တခြိမ့်ခြိမ့်	1
ဆိုင်းသံ	1
အငြိမ့်	1
မီး	1
ညချမ်း	1
ကိုကို	1
ပုတ်သင်ညို	1
မွေးနေ့	1
တောက်	1
ဗေဒင်	1
ဘုရင်	1
ဣန္ဒြေ	1
ရွှေဇီးကွက်	1
လက်သည်း	1
ဖလှယ်	1
အများကြီး	1
ချိုအေး	1
ဩဘာ	1
ခြွေ	1
နု	1
ပေါင်	1
လမောင်	1
ဝါဝါဖွေး	1
သီကြွေး	1
ပန်းခိုင်	1
မှိုင်	1
ဂျွတ်	1
ကျင်	1
စင်စင်	1
အလေ့အကျင့်	1
အချိုအချဉ်	1
ရှင်းလင်း	1
ပျဉ်ပြား	1
မြေပြင်	1
ယဉ်ကျေး	1
ဆီးနှင်း	1
စင်မြင့်	1
သဇင်	1
ပုစဉ်း	1
နှင်းဆီပွင့်	1
တံစဉ်	1
ခွင်း	1
ခွင်	1
မြင့်	1
ကျင်း	1
ပြတင်း	1
သတင်းစာ	1
နေ့စဉ်	1
ပျိုး	1
အောင့်	1
ချဉ်	1
ယိုင်းပင်း)	1
စင့်	1
ဉာဉ်ဉာဉ်)	1
(ညင်ညင်	1
ယဉ်	1
သီချင်း	1
ကြည်လင်	1
ပျိုမေလေး	1
ဖွေးဖွေး	1
လေးစား	1
စည်းမျဉ်း	1
ယဉ်ယဉ်ကျေးကျေး	1
တွေး	1
ယှဉ်တွဲ	1
ကျင့်	1
စဉ်း	1
မြိုင်း	1
စဉ့်	1
နည်းပညာ	1
JICA	1
အေဂျင်စီ	1
ပူးပေါင်း	1
နိုင်ငံတကာ	1
ဂျပန်	1
လုပ်ငန်း	1
အကောင်အထည်ဖော်	1
ရေးဆွဲ	1
အသစ်	1
သင်ရိုးညွှန်းတမ်း	1
အခြေခံ	1
ဝန်ကြီးဌာန	1
၂၀၁၉	1
၂၀၁၈	1
ဖတ်စာ	1
ဌာန	1
ပံ့ပိုး	1
သင်ခန်းစာ	1
စာမျက်နှာ	1
-င့်	1
ထင့်	1
တင်း	1
တင့်	1
-ဉ်း	1
-ဉ့်	1
-ဉ	1
-င်း	1
အင်း	1
အဘိဓာန်	1
အင့်	1
အင်	1
ဝါးရုံတော	1
လျှိုမြောင်	1
တော်တော်	1
ဘယ်တုန်း	1
နွေရာသီ	1
အောင်း	1
ေ-ာင်	1
ာင့်	1
ာင်း	1
နတ်တော်	1
တန်ဆောင်မုန်း	1
မီးထွန်း	1
လှေ	1
တော်သလင်း	1
စာရေးတံ	1
ဝါခေါင်	1
လစာ	1
ညောင်ရေသွန်းပွဲ	1
ကဆုန်	1
တန်ခူးလ	1
မီးမွှေး	1
မျော	1
လမ်း	1
မီးဖိုချောင်	1
ဖြောင့်တန်း	1
ချီးကျူး	1
ဟောပြော	1
ပြာသို	1
မြင်းခင်း	1
ိုင့်	1
မြိုင်	1
ပြိုင်း	1
ချိုင့်	1
မိုင်မိုင်း	1
ဆိုင်း	1
ခိုင်	1
ိုင်း	1
ိုင်	1
တပို့တွဲ	1
အိုင်း	1
အိုင့်	1
သမျှ	1
သဲပုံစေတီပွဲ	1
တပေါင်း	1
၁၂	1
ထမနဲ	1
အကျိုးဆောင်	1
ဖြောင့်မှန်	1
သေချာ	1
နှောင်	1
လှောင်အိမ်	1
ခေါင်းလောင်း	1
မြှောင်း	1
မြှောင့်	1
မြှောင်	1
နှောင်း	1
နှောင့်	1
မြောင်း	1
အောင်မြင်	1
မြောင်	1
ရောင့်	1
ထောင်း	1
ထောင့်	1
ထောင်	1
တောင့်	1
ဆောင့်	1
ပြောင်းဖူး	1
ပျော့ပျောင်း	1
အနှောင်း	1
ဖောင်	1
အစ	1
အရေးအသား	1
စာကြောင်း	1
ရှောင်	1
သောင်	1
သဲ	1
မျှော	1
လှော်	1
ဖြောင့်ဖြောင့်	1
လောင်းလှေ	1
နံဘေး	1
ညီညာ	1
လောင်း	1
ညီနောင်	1
အပေါင်းအဖော်	1
ရဲ	1
စံပယ်	1
ပန်	1
မျိုးစုံ	1
အားစိုက်ခွန်စိုက်	1
ဆောက်	1
လေပြင်းတိုက်သံ	1
ပြေးတမ်းလိုက်တမ်း	1
ထိုက်ထိုက်တန်တန်	1
အခိုက်အတန့်	1
သိုက်သိုက်မြိုက်မြိုက်	1
ကြိုဆို	1
ထိုက်	1
ပုစွန်	1
သိုက်သိုက်ဝန်းဝန်း	1
လုံ့လ	1
ခိုက်	1
သိမ်းဆည်း	1
လွင့်	1
ပူအိုက်	1
ဆိုက်ရောက်	1
တိုက်ခိုက်	1
အစ်-စ်	1
ခစ်	1
ပျစ်	1
ခုနစ်	1
တံတောင်ဆစ်	1
မြစ်ချောင်း	1
ထစ်ချုန်း	1
ပြေပြစ်	1
ချစ်ခင်	1
လစ်လပ်	1
ညစ်ပေ	1
မီးခြစ်	1
ဖျစ်	1
ကျားသစ်	1
ညှစ်	1
မျှ	1
လှစ်	1
ပြစ်	1
ခြစ်	1
မျစ်	1
ဝမ်းဗိုက်	1
ကျိုက်ထီးရိုး	1
အကုန်	1
လေတိုက်	1
စေ့	1
ပူပူ	1
မနက်စာ	1
လှန်း	1
ငါးရံ့ခြောက်	1
ချီးမြှောက်	1
ထောက်	1
ကင်းထောက်	1
မြေတောင်မြှောက်	1
ညှိုး	1
မျိုးစေ့	1
မိုးတဖြောက်ဖြောက်	1
ကောက်သင်းကောက်	1
တောက်လျှောက်	1
အရောက်	1
တလင်း	1
ကောက်လှိုင်း	1
အို	1
က်ိိုက်	1
ဂျိုက်	1
ကောက်စိုက်သမ	1
မီးမြိုက်	1
ပိုက်ဆံ	1
သားပိုက်ကောင်	1
ပိုက်ကျော်ခြင်း	1
ငှက်သိုက်	1
ပိုက်ကွန်	1
စိုက်ပျိုး	1
တိုက်အိမ်	1
ဗျိုက်	1
အမှိုက်ပုံး	1
လှိုက်	1
မြိုက်	1
ရှိုက်	1
ပြိုက်	1
မှိုက်	1
ခြိုက်	1
ညီအစ်ကို	1
စစ်သည်တော်	1
ပြည်တွင်း	1
ချစ်ချစ်ခင်ခင်	1
ဖျတ်ဖျတ်လတ်လတ်	1
ပတ်လည်	1
ဖနောင့်	1
ဆင်တူ	1
မွန်မြတ်	1
ကြည်	1
တည်	1
ဖြောင့်မတ်	1
ပတ်တီး	1
ဝတ်စုံ	1
မောင်မှတ်	1
တပ်ဖွဲ့ဝင်	1
ကြက်ခြေနီ	1
အတတ်ပညာ	1
ကောင်းမြတ်	1
အားလပ်	1
ဝတ်ဆင်	1
ခွဲ	1
ဖြတ်	1
မပြတ်မလပ်	1
တန်းစီ	1
မွှတ်	1
ချွတ်	1
ညွှတ်	1
ချိတ်ဆွဲ	1
နားကပ်	1
ရဟတ်	1
လတ်ဆတ်	1
စောင့်ကြပ်	1
ပျဉ်	1
သတိပြု	1
အဝတ်မလျှော်	1
ကန်ပေါင်	1
သပ်သပ်ရပ်ရပ်	1
ကျွဲနွား	1
ဝင်းခတ်	1
ရေကန်	1
နေကြတ်	1
ထူထပ်	1
အမှတ်တရ	1
တခစ်ခစ်	1
သစ်ခွဲ	1
ဈေးဆစ်	1
ရောင်းချ	1
နှစ်သစ်ကူး	1
ပူ	1
ပစ်	1
မဲ့	1
အသား	1
သန်	1
တစ်တစ်ရစ်ရစ်	1
ဤ	1
ပွေ့ချီ	1
လစ်ဟင်း	1
စနစ်တကျ	1
ပြုပြင်	1
အပြစ်	1
သံလွင်	1
အတ်	1
တိုက်ခတ်	1
ရဟတ်ယာဉ်	1
ဆုံးဖြတ်	1
ချဉ်ဖတ်	1
ကျေနပ်	1
ပိုးဟပ်	1
ဇာတ်ပွဲ	1
ကတ်ကြေး	1
သနပ်ခါး	1
သေနတ်	1
ဂျတ်	1
လှပ်	1
ဖျပ်	1
ရှပ်	1
ပျပ်	1
ဂျပ်	1
နှပ်	1
ဖျတ်	1
ဒိုးဒိုးဒေါင်ဒေါင်	1
အထောက်အကူပြု	1
ကျန်းမာရေး	1
ဆူညံ	1
နွံ	1
လှည်းဘီး	1
ဇွန်ပန်းရုံ	1
ဆွမ်း	1
ကျွန်းဆွယ်	1
ညွှန်ကြား	1
ထွန်းညှိ	1
ရွာသွန်း	1
စွမ်းရည်	1
ရွှံ့ညွန်	1
မွမ်းမံ	1
လယ်ထွန်	1
ဝါဂွမ်း	1
ကွန်ပျူတာ	1
ကွမ်းသီး	1
ယွန်းထည်	1
ဇွန်း	1
ကူ	1
ပြိုင်တူ	1
ရွေ့	1
ချီးမွမ်း	1
ဇွန်	1
ရည်	1
ခွံ့ကျွေး	1
ကျွန်းကိုင်းမှီ	1
ကိုင်းကျွန်းမှီ	1
ညွှန်ပြ	1
နည်းလမ်း	1
ကျေပွန်	1
မွန်းတည့်	1
ကိုယ်ကျိုးစွန့်	1
အကျိုးငှာ	1
အကျင့်	1
ပင်ပန်းနွမ်းနယ်	1
လွန်လွန်ကျွံကျွံ	1
ပြင်း	1
အပူရှိန်	1
နွံဖွံ	1
စွံ	1
လွန့်	1
(ဆံထုန်း	1
ွန်း	1
ွန့်	1
ွန်	1
အွန်း	1
အွန့်	1
အွန်	1
ပန်းပန်	1
ပုန်း	1
ွမ့်	1
ခြုံ	1
မကြုံစဖူး	1
တောင်ကုန်း	1
လုံခြုံ	1
တုန်	1
မိုးအုံ့	1
အုံ	1
ွမ်	1
ွမ်း	1
ချွန်း	1
လွန့်	1
ကျွန်း	1
ကျွန်	1
ချွံ	1
ရွံ့	1
ဖွံ့	1
ဆွံ့	1
ခွံစွံနွံ	1
ထွန့်	1
ွံ	1
တွန့်	1
စွန်း	1
စွန့်	1
ကွန်း	1
ကွန့်	1
ကွန်	1
ွံ့	1
ဟွန်းသံ	1
အရွေးခံ	1
သလောက်	1
သစ်ကိုင်း	1
ချောက်	1
ဝန်ကြီး	1
အောက်ောက်	1
အဘိုး	1
မီးဖို	1
အပြေး	1
ထန်းရွက်	1
သွက်သွက်လက်လက်	1
ညက်ညက်	1
စိမ်းစို	1
မြက်ခင်း	1
ဝဲ	1
ပျံ	1
နံနက်	1
ထက်မြက်	1
အပျင်း	1
တိုးတက်	1
ဖျောက်	1
မောက်	1
ပြောက်	1
ကျောက်ခဲ	1
ပဲတီ	1
ချောက်ကမ်းပါး	1
ပိတောက်ပန်း	1
မွှေနှောက်	1
ကောက်ပဲသီးနှံ	1
ပျောက်ဆုံး	1
ပေါက်ပင်	1
ရှောက်သီး	1
ညှောက်	1
ထန်းခေါက်ဖာ	1
တုတ်ကောက်	1
ကျောက်သင်ပုန်း	1
ရှောက်	1
ဖြောက်	1
မှောက်	1
နှောက်	1
မွေးမြူ	1
ဝက်	1
အထွက်	1
ဘာကြောင့်	1
လျက်	1
သက်	1
မျက်	1
ညက်	1
ဗြက်	1
ပြက်	1
အက်-က်ကက်	1
အပြုအမူ	1
စွက်	1
ပါး	1
ကောက်ချီ	1
ပြုတ်ကျ	1
တစ်ပြိုင်နက်	1
တကယ်	1
အဆွေကျီး	1
မော့ကြည့်	1
ညှက်	1
နှက်	1
ထွန်ယက်	1
နက်ဖြန်ခါ	1
ထွန်စက်	1
လယ်ယာ	1
စက်မှု	1
အသက်အရွယ်	1
သွက်လက်	1
ထက်ဝက်	1
ရောယှက်	1
တွက်ချက်	1
ရှက်	1
ညဥ့်နက်	1
ကြက်သွန်နီ	1
မျက်နှာ	1
တံမြက်စည်း	1
မျက်မှန်	1
စက်ရုံ	1
ကက်	1
အင်္ကျီ	1
